mandataire2,mandataire,lease_rsf,annual_rent,state_category,type1,budget2014,budget2014,budget2013,budget2012,evol,rent_prsf,remaining_term_years
Promotion culturelle,Compagnie générale de navigation sur le lac Léman,309300,"$6,353,225",Autorités,1,309300,309300,309300,250000,"<font size=""4"" style=""color:#7797a3"">▲</font> + 23,7 %",3,2
Service des sports,Subventions et allocations diverses et imprévues,240600,"$1,870,046",Autorités,1,240600,240600,220000,"243780,15","<font size=""4"" style=""color:#d7191c"">▼</font> -1,3 %",1,3
Service des sports,Divers projets pour la Genève Internationale,70000,"$2,496,896",Autorités,1,70000,70000,70000,70000,"<font size=""4"" style=""color:#fdae61"">► </font> stable",2,2
Service des sports,Fondation GIPRI  (trf du dpt 5),25800,"$6,786,918",Autorités,1,25800,25800,25800,25800,"<font size=""4"" style=""color:#fdae61"">► </font> stable",2,3
Direction des constructions et de l'aménagement,Rencontres internationales de Genève,22700,"$1,774,839",Autorités,1,22700,22700,22700,22700,"<font size=""4"" style=""color:#fdae61"">► </font> stable",2,2
Service des sports,Communauté genevoise d'action syndicale ,6200,"$2,339,525",Autorités,1,6200,6200,6200,6200,"<font size=""4"" style=""color:#fdae61"">► </font> stable",2,2
Service culturel,Amicale des anciens conseillers municipaux,2000,"$6,876,388",Autorités,1,2000,2000,2000,2000,"<font size=""4"" style=""color:#fdae61"">► </font> stable",2,2
Service culturel,Fonds municipal d'aide humanitaire ,250000,"$3,217,111",Autorités,1,250000,250000,250000,0,"<font size=""4"" style=""color:#7797a3"">▲</font> ",3,2
Service culturel,Commémoration du bicentenaire de l'adhésion de Genève à la Confédération,50000,"$1,270,303",Autorités,1,50000,50000,50000,0,"<font size=""4"" style=""color:#7797a3"">▲</font> ",3,2
Service des sports,Rassemblement E/F politique sociale logement,20000,"$2,143,889",Autorités,1,20000,20000,20000,0,"<font size=""4"" style=""color:#7797a3"">▲</font> ",3,2
Service des sports,"Crèches, garderies et jardins d'enfants",84045346,"$2,375,291",Cohésion sociale et solidarité,2,84045346,84045346,78545346,"73119331,03","<font size=""4"" style=""color:#7797a3"">▲</font> + 14,9 %",3,3
Service culturel,"FAS'e 
",7286082,"$3,240,333",Cohésion sociale et solidarité,2,7286082,7286082,7249832,"6664844,95","<font size=""4"" style=""color:#7797a3"">▲</font> + 9,3 %",3,3
Service des sports,Centres de loisirs,2870000,"$4,346,753",Cohésion sociale et solidarité,2,2870000,2870000,2530000,"2484250,9","<font size=""4"" style=""color:#7797a3"">▲</font> + 15,5 %",3,3
Service culturel,FAS'e (salaires ludothèques),2298000,"$1,261,562",Cohésion sociale et solidarité,2,2298000,2298000,2298000,"2234957,65","<font size=""4"" style=""color:#7797a3"">▲</font> + 2,8 %",3,2
Direction cohésion sociale et solidarité,Restaurants scolaires,994300,"$1,608,094",Cohésion sociale et solidarité,2,994300,994300,894300,"871143,55","<font size=""4"" style=""color:#7797a3"">▲</font> + 14,1 %",3,3
Service culturel,Actions sociales exclusion (Square Hugo),900000,"$686,180",Cohésion sociale et solidarité,2,900000,900000,900000,"825757,7","<font size=""4"" style=""color:#7797a3"">▲</font> + 8,9 %",3,2
Service des sports,Participation frais d'exploitation maisons de vacances pour personnes âgées (Nouvelle Roseraie),624970,"$2,666,050",Cohésion sociale et solidarité,2,624970,624970,624970,582128,"<font size=""4"" style=""color:#7797a3"">▲</font> + 7,3 %",3,2
Ecoles et institutions pour l'enfance,Fondation Trajets - buanderie,550000,"$5,329,954",Cohésion sociale et solidarité,2,550000,550000,550000,"383538,63","<font size=""4"" style=""color:#7797a3"">▲</font> + 43,4 %",3,2
Direction cohésion sociale et solidarité,"Travaux crèches, garderies, jardins d'enfants",550000,"$9,091,940",Cohésion sociale et solidarité,2,550000,550000,550000,"545374,87","<font size=""4"" style=""color:#7797a3"">▲</font> + 0,8 %",3,2
Espaces verts et environnement,Ludothèques,489000,"$2,483,758",Cohésion sociale et solidarité,2,489000,489000,489000,"263080,2","<font size=""4"" style=""color:#7797a3"">▲</font> + 85,8 %",3,2
Service culturel,Acquisitions de matériel pour crèches et garderies,400000,"$2,625,337",Cohésion sociale et solidarité,2,400000,400000,400000,"374979,63","<font size=""4"" style=""color:#7797a3"">▲</font> + 6,6 %",3,2
Service des sports,Espace aînés,400000,"$911,773",Cohésion sociale et solidarité,2,400000,400000,400000,"396593,18","<font size=""4"" style=""color:#7797a3"">▲</font> + 0,8 %",3,2
Service culturel,Allocations sociales ponctuelles,385000,"$2,237,685",Cohésion sociale et solidarité,2,385000,385000,385000,"323684,65","<font size=""4"" style=""color:#7797a3"">▲</font> + 18,9 %",3,2
Direction cohésion sociale et solidarité,Association Carrefour-Rue,352800,"$2,202,530",Cohésion sociale et solidarité,2,352800,352800,302800,302800,"<font size=""4"" style=""color:#7797a3"">▲</font> + 16,5 %",3,3
Art contemporain,"Association Partage, Partenariat Alimentaire Genevois",323200,"$2,881,670",Cohésion sociale et solidarité,2,323200,323200,273200,273200,"<font size=""4"" style=""color:#7797a3"">▲</font> + 18,3 %",3,3
Direction cohésion sociale et solidarité,Association Boîte à Boulots,321500,"$1,078,329",Cohésion sociale et solidarité,2,321500,321500,271500,266500,"<font size=""4"" style=""color:#7797a3"">▲</font> + 20,6 %",3,3
Direction cohésion sociale et solidarité,Association pour le Bateau Genève,277700,"$1,836,325",Cohésion sociale et solidarité,2,277700,277700,257700,257700,"<font size=""4"" style=""color:#7797a3"">▲</font> + 7,7 %",3,3
Direction cohésion sociale et solidarité,Vie dans les quartiers,277200,"$1,441,430",Cohésion sociale et solidarité,2,277200,277200,277200,244240,"<font size=""4"" style=""color:#7797a3"">▲</font> + 13,4 %",3,2
Direction cohésion sociale et solidarité,Association Le Caré,266300,"$2,851,466",Cohésion sociale et solidarité,2,266300,266300,266300,190700,"<font size=""4"" style=""color:#7797a3"">▲</font> + 39,6 %",3,2
Ecoles et institutions pour l'enfance,Action communautaire,200800,"$10,748,038",Cohésion sociale et solidarité,2,200800,200800,200800,98117,"<font size=""4"" style=""color:#7797a3"">▲</font> + 104,6 %",3,2
Service des sports,Budget participatif dans les écoles,80000,"$2,253,286",Cohésion sociale et solidarité,2,80000,80000,80000,63550,"<font size=""4"" style=""color:#7797a3"">▲</font> + 25,8 %",3,1
Ecoles et institutions pour l'enfance,Frais de perfectionnement professionnel et de stages,80000,"$26,195,462",Cohésion sociale et solidarité,2,80000,80000,80000,74030,"<font size=""4"" style=""color:#7797a3"">▲</font> + 8 %",3,2
Service culturel,Association Païdos,41200,"$2,500,366",Cohésion sociale et solidarité,2,41200,41200,41200,1400,"<font size=""4"" style=""color:#7797a3"">▲</font> + 2842,8 %",3,2
Grand Théâtre de Genève,9ème année du CO,40890,"$3,301,165",Cohésion sociale et solidarité,2,40890,40890,40890,40350,"<font size=""4"" style=""color:#7797a3"">▲</font> + 1,3 %",3,2
Service culturel,"Courses scolaires, aides aux parents",30000,"$7,653,247",Cohésion sociale et solidarité,2,30000,30000,30000,29000,"<font size=""4"" style=""color:#7797a3"">▲</font> + 3,4 %",3,2
Direction cohésion sociale et solidarité,Association Lire et Ecrire,25000,"$2,052,255",Cohésion sociale et solidarité,2,25000,25000,25000,"1659,5","<font size=""4"" style=""color:#7797a3"">▲</font> + 1406,4 %",3,2
Service des sports,Clubs d'aînés Ville et Fédération,22200,"$5,589,962",Cohésion sociale et solidarité,2,22200,22200,22200,14200,"<font size=""4"" style=""color:#7797a3"">▲</font> + 56,3 %",3,2
Direction cohésion sociale et solidarité,"Subvention p/promotions décentralisées, cortège",22000,"$3,516,176",Cohésion sociale et solidarité,2,22000,22000,22000,15784,"<font size=""4"" style=""color:#7797a3"">▲</font> + 39,3 %",3,2
Service des sports,Diverses activités enfance et écoles,20000,"$11,797,763",Cohésion sociale et solidarité,2,20000,20000,18000,18000,"<font size=""4"" style=""color:#7797a3"">▲</font> + 11,1 %",3,2
Direction cohésion sociale et solidarité,Association centre de consultation spécialisé dans le traitement des abus sexuels ,10300,"$1,880,918",Cohésion sociale et solidarité,2,10300,10300,10300,8650,"<font size=""4"" style=""color:#7797a3"">▲</font> + 19 %",3,2
Aménagement urbain et mobilité,CODAP,10000,"$26,262,914",Cohésion sociale et solidarité,2,10000,10000,5000,5000,"<font size=""4"" style=""color:#7797a3"">▲</font> + 100 %",3,2
Direction cohésion sociale et solidarité,Prestations municipales,10004000,"$2,550,691",Cohésion sociale et solidarité,2,10004000,10004000,10004000,10228425,"<font size=""4"" style=""color:#d7191c"">▼</font> -2,1 %",1,2
Promotion culturelle,Allocations sociales,380000,"$2,560,932",Cohésion sociale et solidarité,2,380000,380000,380000,"389508,95","<font size=""4"" style=""color:#d7191c"">▼</font> -2,4 %",1,1
Direction des constructions et de l'aménagement,Restaurants scolaires,380000,"$2,805,086",Cohésion sociale et solidarité,2,380000,380000,800000,"526402,5","<font size=""4"" style=""color:#d7191c"">▼</font> -27,8 %",1,2
Direction cohésion sociale et solidarité,"Colonies diverses, travaux aux colonies",230000,"$2,180,000",Cohésion sociale et solidarité,2,230000,230000,230000,232682,"<font size=""4"" style=""color:#d7191c"">▼</font> -1,1 %",1,2
Direction sociale,A.V.S. paiement des cotisations,125000,"$2,251,032",Cohésion sociale et solidarité,2,125000,125000,125000,"209525,8","<font size=""4"" style=""color:#d7191c"">▼</font> -40,3 %",1,2
Service des sports,Ciné transat,100000,"$2,392,847",Cohésion sociale et solidarité,2,100000,100000,100000,"101779,6","<font size=""4"" style=""color:#d7191c"">▼</font> -1,7 %",1,2
Service culturel,ALCIP - Lutte injustice sociale précarité,30000,"$2,629,404",Cohésion sociale et solidarité,2,30000,30000,30000,30300,"<font size=""4"" style=""color:#d7191c"">▼</font> -0,9 %",1,2
Service culturel,"Astural, service éducatif itinérant",18000,"$2,083,476",Cohésion sociale et solidarité,2,18000,18000,40000,21500,"<font size=""4"" style=""color:#d7191c"">▼</font> -16,2 %",1,2
Administration centrale,Société Coopérative Armée du Salut Oeuvre Sociale - Accueil de Nuit,555000,"$2,771,505",Cohésion sociale et solidarité,2,555000,555000,555000,555000,"<font size=""4"" style=""color:#fdae61"">► </font> stable",2,2
Ecoles et institutions pour l'enfance,Association Le Racard,476800,"$2,045,193",Cohésion sociale et solidarité,2,476800,476800,476800,476800,"<font size=""4"" style=""color:#fdae61"">► </font> stable",2,2
Direction cohésion sociale et solidarité,Association Aspasie,440200,"$2,028,905",Cohésion sociale et solidarité,2,440200,440200,440200,440200,"<font size=""4"" style=""color:#fdae61"">► </font> stable",2,2
Direction cohésion sociale et solidarité,"Fondation ""Au Coeur des Grottes""",360800,"$3,782,806",Cohésion sociale et solidarité,2,360800,360800,360800,360800,"<font size=""4"" style=""color:#fdae61"">► </font> stable",2,2
Service des sports,Association usagers Bains des Pâquis,245000,"$1,952,807",Cohésion sociale et solidarité,2,245000,245000,245000,245000,"<font size=""4"" style=""color:#fdae61"">► </font> stable",2,2
Direction cohésion sociale et solidarité,Association Université Ouvrière de Genève,240400,"$3,063,457",Cohésion sociale et solidarité,2,240400,240400,240400,240400,"<font size=""4"" style=""color:#fdae61"">► </font> stable",2,2
Service culturel,Association Le Trialogue,214900,"$2,376,487",Cohésion sociale et solidarité,2,214900,214900,214900,214900,"<font size=""4"" style=""color:#fdae61"">► </font> stable",2,2
Service culturel,Association Centre de Contact Suisses-Immigrés,181400,"$3,171,168",Cohésion sociale et solidarité,2,181400,181400,181400,181400,"<font size=""4"" style=""color:#fdae61"">► </font> stable",2,2
Direction cohésion sociale et solidarité,Association Centre Protestant de Vacances,175300,"$1,541,728",Cohésion sociale et solidarité,2,175300,175300,175300,175300,"<font size=""4"" style=""color:#fdae61"">► </font> stable",2,2
Direction sociale,Association centre F-Information,165000,"$2,896,699",Cohésion sociale et solidarité,2,165000,165000,165000,165000,"<font size=""4"" style=""color:#fdae61"">► </font> stable",2,2
Service des sports,AVIVO-Ass.de défense et de détente de tous les retraités,159800,"$3,269,019",Cohésion sociale et solidarité,2,159800,159800,159800,159800,"<font size=""4"" style=""color:#fdae61"">► </font> stable",2,2
Ecoles et institutions pour l'enfance,ADC - Association de Défense des Chômeurs,150000,"$1,443,189",Cohésion sociale et solidarité,2,150000,150000,150000,150000,"<font size=""4"" style=""color:#fdae61"">► </font> stable",2,2
Art contemporain,Association Université Populaire du Canton de Genève,150000,"$4,350,595",Cohésion sociale et solidarité,2,150000,150000,150000,150000,"<font size=""4"" style=""color:#fdae61"">► </font> stable",2,2
Service culturel,Association des Unions Chrétiennes de Genève,142500,"$7,098,961",Cohésion sociale et solidarité,2,142500,142500,142500,142500,"<font size=""4"" style=""color:#fdae61"">► </font> stable",2,2
Direction cohésion sociale et solidarité,Association La Coulou,139200,"$15,786,789",Cohésion sociale et solidarité,2,139200,139200,139200,139200,"<font size=""4"" style=""color:#fdae61"">► </font> stable",2,2
Direction cohésion sociale et solidarité,Association Lestime,128900,"$962,713",Cohésion sociale et solidarité,2,128900,128900,128900,128900,"<font size=""4"" style=""color:#fdae61"">► </font> stable",2,2
Muséum d'histoire naturelle,Restaurants scolaires participation VGE repas impayés,100000,"$3,240,622",Cohésion sociale et solidarité,2,100000,100000,100000,100000,"<font size=""4"" style=""color:#fdae61"">► </font> stable",2,2
Direction sociale,Association Club en fauteuil roulant Genève,99400,"$1,289,475",Cohésion sociale et solidarité,2,99400,99400,99400,99400,"<font size=""4"" style=""color:#fdae61"">► </font> stable",2,2
Agenda 21,Association centre genevois du volontariat,96200,"$2,005,676",Cohésion sociale et solidarité,2,96200,96200,96200,96200,"<font size=""4"" style=""color:#fdae61"">► </font> stable",2,2
Direction cohésion sociale et solidarité,Association Voie F,90000,"$3,244,267",Cohésion sociale et solidarité,2,90000,90000,90000,90000,"<font size=""4"" style=""color:#fdae61"">► </font> stable",2,2
Service des sports,Villa Dutoit,87600,"$1,822,439",Cohésion sociale et solidarité,2,87600,87600,87600,87600,"<font size=""4"" style=""color:#fdae61"">► </font> 0 %",2,2
Service des sports,Association 360,86700,"$1,678,480",Cohésion sociale et solidarité,2,86700,86700,86700,86700,"<font size=""4"" style=""color:#fdae61"">► </font> stable",2,2
Direction cohésion sociale et solidarité,Association du Scoutisme Genevois,83500,"$2,440,874",Cohésion sociale et solidarité,2,83500,83500,83500,83500,"<font size=""4"" style=""color:#fdae61"">► </font> stable",2,2
Direction cohésion sociale et solidarité,Plate-Forme Associations d'Aînés Genève,75000,"$2,199,350",Cohésion sociale et solidarité,2,75000,75000,75000,75000,"<font size=""4"" style=""color:#fdae61"">► </font> stable",2,2
Service culturel,Association Insieme,74200,"$2,277,715",Cohésion sociale et solidarité,2,74200,74200,74200,74200,"<font size=""4"" style=""color:#fdae61"">► </font> stable",2,2
Direction cohésion sociale et solidarité,Association Université populaire albanaise,67000,"$2,393,380",Cohésion sociale et solidarité,2,67000,67000,67000,67000,"<font size=""4"" style=""color:#fdae61"">► </font> stable",2,2
Direction cohésion sociale et solidarité,Salle de spectacle des Maisons de quartier,60000,"$3,101,367",Cohésion sociale et solidarité,2,60000,60000,60000,60000,"<font size=""4"" style=""color:#fdae61"">► </font> stable",2,2
Art contemporain,Association Camarada,52800,"$3,656,281",Cohésion sociale et solidarité,2,52800,52800,52800,52800,"<font size=""4"" style=""color:#fdae61"">► </font> stable",2,2
Direction sociale,Association Collectif de soutien aux sans-papiers de Genève,51500,"$1,275,600",Cohésion sociale et solidarité,2,51500,51500,51500,51500,"<font size=""4"" style=""color:#fdae61"">► </font> stable",2,2
Direction cohésion sociale et solidarité,Forum des démocraties participatives,50000,"$2,076,696",Cohésion sociale et solidarité,2,50000,50000,50000,50000,"<font size=""4"" style=""color:#fdae61"">► </font> stable",2,2
Direction cohésion sociale et solidarité,Mouvement Populaire des Familles,50000,"$3,475,026",Cohésion sociale et solidarité,2,50000,50000,50000,50000,"<font size=""4"" style=""color:#fdae61"">► </font> stable",2,2
Service culturel,Association Vacances Nouvelles,46400,"$1,911,494",Cohésion sociale et solidarité,2,46400,46400,46400,46400,"<font size=""4"" style=""color:#fdae61"">► </font> stable",2,2
Aménagement urbain et mobilité,Association Caritas-Jeunesse,41800,"$2,636,996",Cohésion sociale et solidarité,2,41800,41800,41800,41800,"<font size=""4"" style=""color:#fdae61"">► </font> stable",2,2
Service culturel,GLAJ-Groupe de Liaison des Associations de Jeunesse,41200,"$6,161,427",Cohésion sociale et solidarité,2,41200,41200,41200,41200,"<font size=""4"" style=""color:#fdae61"">► </font> stable",2,2
Service culturel,Association genevoise des malentendants,27800,"$2,410,024",Cohésion sociale et solidarité,2,27800,27800,27800,27800,"<font size=""4"" style=""color:#fdae61"">► </font> stable",2,2
Art contemporain,Grpt cant.genevois des ass.de parents d'élèves des écoles primaires et enfantines (GAPP) - Pédibus,25800,"$1,279,015",Cohésion sociale et solidarité,2,25800,25800,25800,25800,"<font size=""4"" style=""color:#fdae61"">► </font> stable",2,2
Délégation Généve Solidaire,Fédération genevoise des associations LGBT,25000,"$2,313,850",Cohésion sociale et solidarité,2,25000,25000,25000,25000,"<font size=""4"" style=""color:#fdae61"">► </font> stable",2,2
Conseil administratif,Fêtes dans les écoles,25000,"$2,153,014",Cohésion sociale et solidarité,2,25000,25000,25000,25000,"<font size=""4"" style=""color:#fdae61"">► </font> stable",2,2
Service culturel,Ass.Groupe de coordination pour l'accueil et l'hébergement des jeunes à Genève ,23200,"$396,537",Cohésion sociale et solidarité,2,23200,23200,23200,23200,"<font size=""4"" style=""color:#fdae61"">► </font> stable",2,2
Service culturel,Association Atelier X,20600,"$2,669,400",Cohésion sociale et solidarité,2,20600,20600,20600,20600,"<font size=""4"" style=""color:#fdae61"">► </font> stable",2,2
Direction sociale,Association Colis du cœur,20600,"$3,102,702",Cohésion sociale et solidarité,2,20600,20600,20600,20600,"<font size=""4"" style=""color:#fdae61"">► </font> stable",2,2
Service des sports,La Carte Blanche,15000,"$4,089,653",Cohésion sociale et solidarité,2,15000,15000,15000,15000,"<font size=""4"" style=""color:#fdae61"">► </font> stable",2,2
Art contemporain,Association ICVolontaires-Suisse,12400,"$3,145,048",Cohésion sociale et solidarité,2,12400,12400,12400,12400,"<font size=""4"" style=""color:#fdae61"">► </font> stable",2,2
Service de la petite enfance,Association Cheetah-Baby Plage,10300,"$1,561,101",Cohésion sociale et solidarité,2,10300,10300,10300,10300,"<font size=""4"" style=""color:#fdae61"">► </font> stable",2,2
Agenda 21,Association Fourchette verte,10300,"$2,425,349",Cohésion sociale et solidarité,2,10300,10300,10300,10300,"<font size=""4"" style=""color:#fdae61"">► </font> stable",2,2
Conseil administratif,Association La Bataille des livres,10300,"$820,451",Cohésion sociale et solidarité,2,10300,10300,10300,10300,"<font size=""4"" style=""color:#fdae61"">► </font> stable",2,2
Service culturel,Association Lecture et Compagnie,10300,"$2,608,386",Cohésion sociale et solidarité,2,10300,10300,10300,10300,"<font size=""4"" style=""color:#fdae61"">► </font> stable",2,2
Direction cohésion sociale et solidarité,Fondation pour l'avenir,10300,"$2,690,625",Cohésion sociale et solidarité,2,10300,10300,10300,10300,"<font size=""4"" style=""color:#fdae61"">► </font> stable",2,2
Art contemporain,MJSR-Mouvement de la Jeunesse Suisse Romande,10300,"$2,768,379",Cohésion sociale et solidarité,2,10300,10300,10300,10300,"<font size=""4"" style=""color:#fdae61"">► </font> stable",2,2
Agenda 21,Vestiaire social ,10000,"$1,907,650",Cohésion sociale et solidarité,2,10000,10000,10000,10000,"<font size=""4"" style=""color:#fdae61"">► </font> stable",2,3
Direction cohésion sociale et solidarité,Association Gymnastique Seniors Genève,8400,"$19,127,928",Cohésion sociale et solidarité,2,8400,8400,8400,8400,"<font size=""4"" style=""color:#fdae61"">► </font> stable",2,2
Service culturel,"Ass.Ctres d'entraînement aux méthodes d'éducation active, grpt gen.",4600,"$2,204,973",Cohésion sociale et solidarité,2,4600,4600,4600,4600,"<font size=""4"" style=""color:#fdae61"">► </font> stable",2,2
Art contemporain,Fédération des colonies de vacances catholiques romaines du canton de Genève,4100,"$1,977,118",Cohésion sociale et solidarité,2,4100,4100,4100,4100,"<font size=""4"" style=""color:#fdae61"">► </font> stable",2,2
Service culturel,Fédération des colonies laïques,4100,"$1,273,090",Cohésion sociale et solidarité,2,4100,4100,4100,4100,"<font size=""4"" style=""color:#fdae61"">► </font> stable",2,2
Direction cohésion sociale et solidarité,Fédération protestante des colonies de vacances,4100,"$2,183,624",Cohésion sociale et solidarité,2,4100,4100,4100,4100,"<font size=""4"" style=""color:#fdae61"">► </font> stable",2,2
Direction cohésion sociale et solidarité,Association genevoise pour vacances familiales,3100,"$600,407",Cohésion sociale et solidarité,2,3100,3100,3100,3100,"<font size=""4"" style=""color:#fdae61"">► </font> stable",2,2
Service culturel,Activités enfance et jeunesse,478800,"$7,161,618",Cohésion sociale et solidarité,2,478800,478800,598800,0,"<font size=""4"" style=""color:#7797a3"">▲</font> ",3,1
Service culturel,Allocation rentrée scolaire,420000,"$2,362,801",Cohésion sociale et solidarité,2,420000,420000,0,0,"<font size=""4"" style=""color:#7797a3"">▲</font> ",3,3
Délégation Généve Solidaire,Actions sociales ponctuelles,408000,"$4,169,790",Cohésion sociale et solidarité,2,408000,408000,595000,0,"<font size=""4"" style=""color:#7797a3"">▲</font> ",3,1
Service culturel,Activités socio-culturelles et activités physiques ludiques,210000,"$1,891,964",Cohésion sociale et solidarité,2,210000,210000,140000,0,"<font size=""4"" style=""color:#7797a3"">▲</font> ",3,3
Service des sports,Noctambus,110000,"$2,229,875",Cohésion sociale et solidarité,2,110000,110000,0,0,"<font size=""4"" style=""color:#7797a3"">▲</font> ",3,2
Direction cohésion sociale et solidarité,Association Ecole des parents,60000,"$1,317,823",Cohésion sociale et solidarité,2,60000,60000,60000,0,"<font size=""4"" style=""color:#7797a3"">▲</font> ",3,2
Service culturel,"Association Mouvement des Aînés, section genevoise",50000,"$2,523,332",Cohésion sociale et solidarité,2,50000,50000,0,0,"<font size=""4"" style=""color:#7797a3"">▲</font> ",3,2
Service des sports,Association Pro Juventute ,50000,"$2,542,792",Cohésion sociale et solidarité,2,50000,50000,0,0,"<font size=""4"" style=""color:#7797a3"">▲</font> ",3,3
Direction cohésion sociale et solidarité,Espace Solidaire Pâquis ,50000,"$587,194",Cohésion sociale et solidarité,2,50000,50000,0,0,"<font size=""4"" style=""color:#7797a3"">▲</font> ",3,3
Service des sports,Ecole de cirque,30000,"$1,720,042",Cohésion sociale et solidarité,2,30000,30000,30000,0,"<font size=""4"" style=""color:#7797a3"">▲</font> ",3,2
Service des sports,Fondation Suisse du Service Social International,30000,"$1,378,983",Cohésion sociale et solidarité,2,30000,30000,30000,0,"<font size=""4"" style=""color:#7797a3"">▲</font> ",3,2
Direction sociale,Black Movies,15000,"$1,867,599",Cohésion sociale et solidarité,2,15000,15000,15000,0,"<font size=""4"" style=""color:#7797a3"">▲</font> ",3,2
Ecoles et institutions pour l'enfance,Conseil des anciens,12000,"$2,923,610",Cohésion sociale et solidarité,2,12000,12000,5000,0,"<font size=""4"" style=""color:#7797a3"">▲</font> ",3,3
Incendie et secours,Part. V.G. aux prolongements horaires TPG lignes urbaines (vendredi-samedi soir),484495,"$2,795,366",Constructions et aménagements,3,484495,484495,454495,472763,"<font size=""4"" style=""color:#7797a3"">▲</font> + 2,4 %",3,3
Service culturel,Maison de l'architecture,20000,"$4,010,710",Constructions et aménagements,3,20000,20000,20000,"18005,7","<font size=""4"" style=""color:#7797a3"">▲</font> + 11 %",3,3
Direction cohésion sociale et solidarité,Association pour la Promotion de l'Art Sacré ,10000,"$2,501,638",Constructions et aménagements,3,10000,10000,0,5000,"<font size=""4"" style=""color:#7797a3"">▲</font> + 100 %",3,2
Direction cohésion sociale et solidarité,Part. V.G. aux frais d'exploitation bus Jonction (ligne 32),320000,"$1,469,077",Constructions et aménagements,3,320000,320000,320000,329375,"<font size=""4"" style=""color:#d7191c"">▼</font> -2,8 %",1,2
Direction de la culture et du sport,Association Handicapés Architecture Urbanisme,15000,"$1,417,750",Constructions et aménagements,3,15000,15000,42400,28345,"<font size=""4"" style=""color:#d7191c"">▼</font> -47 %",1,2
Service des sports,Genèv'Roule,300000,"$1,691,571",Constructions et aménagements,3,300000,300000,300000,300000,"<font size=""4"" style=""color:#fdae61"">► </font> stable",2,2
Service des sports,Fondation des clefs de Saint-Pierre,61900,"$4,503,461",Constructions et aménagements,3,61900,61900,61900,61900,"<font size=""4"" style=""color:#fdae61"">► </font> stable",2,2
Service des sports,Restauration des édifices cultuels,30000,"$2,595,765",Constructions et aménagements,3,30000,30000,30000,30000,"<font size=""4"" style=""color:#fdae61"">► </font> stable",2,2
Direction cohésion sociale et solidarité,"Promotion d'expositions, publications architecturales ",18000,"$6,741,260",Constructions et aménagements,3,18000,18000,18000,18000,"<font size=""4"" style=""color:#fdae61"">► </font> stable",2,1
Direction sociale,Revue Faces,5000,"$1,637,935",Constructions et aménagements,3,5000,5000,0,5000,"<font size=""4"" style=""color:#fdae61"">► </font> stable",2,3
Service culturel,Ecluse du Seujet ,101000,"$2,738,000",Constructions et aménagements,3,101000,101000,0,0,"<font size=""4"" style=""color:#7797a3"">▲</font> ",3,3
Service des sports,Samedis du vélo,85000,"$2,644,363",Constructions et aménagements,3,85000,85000,85000,0,"<font size=""4"" style=""color:#7797a3"">▲</font> ",3,2
Direction des constructions et de l'aménagement,Ecluse du Seujet ,13000,"$1,826,078",Constructions et aménagements,3,13000,13000,0,0,"<font size=""4"" style=""color:#7797a3"">▲</font> ",3,3
Service des sports,"Promotion d'expositions, publications architecturales",10000,"$1,707,259",Constructions et aménagements,3,10000,10000,10000,0,"<font size=""4"" style=""color:#7797a3"">▲</font> ",3,3
Service des sports,Europan Suisse ,5000,"$1,834,193",Constructions et aménagements,3,5000,5000,0,0,"<font size=""4"" style=""color:#7797a3"">▲</font> ",3,3
Délégation Généve Solidaire,Grand-Théâtre - Exploitation,10720154,"$1,147,494",Culture et sport,4,10720154,10720154,10666819,10700436,"<font size=""4"" style=""color:#7797a3"">▲</font> + 0,1 %",3,3
Direction cohésion sociale et solidarité,Fondation St-Gervais,2505000,"$2,288,233",Culture et sport,4,2505000,2505000,2505000,2305000,"<font size=""4"" style=""color:#7797a3"">▲</font> + 8,6 %",3,2
Délégation Généve Solidaire,"Accès à la culture  (théâtres, concerts)",808000,"$1,829,056",Culture et sport,4,808000,808000,780000,15000,"<font size=""4"" style=""color:#7797a3"">▲</font> + 5286,6 %",3,3
Direction cohésion sociale et solidarité,Fonds général livre et édition (voir également groupe 366),731800,"$2,205,004",Culture et sport,4,731800,731800,754300,727670,"<font size=""4"" style=""color:#7797a3"">▲</font> + 0,5 %",3,1
Art contemporain,Théâtre du Loup,715500,"$2,843,527",Culture et sport,4,715500,715500,715500,515500,"<font size=""4"" style=""color:#7797a3"">▲</font> + 38,7 %",3,2
Service culturel,Fonds général musique,559000,"$2,419,825",Culture et sport,4,559000,559000,479000,558750,"<font size=""4"" style=""color:#7797a3"">▲</font> + 0 %",3,3
Service culturel,"Lieu d'expositions, le Commun (BAC)",550000,"$2,870,834",Culture et sport,4,550000,550000,550000,532900,"<font size=""4"" style=""color:#7797a3"">▲</font> + 3,2 %",3,2
Ecoles et institutions pour l'enfance,Fonds général pluridisciplinaire,510300,"$2,700,531",Culture et sport,4,510300,510300,460300,505800,"<font size=""4"" style=""color:#7797a3"">▲</font> + 0,8 %",3,3
Service des sports,Fonds soutien aux échanges et tournées,440000,"$3,552,156",Culture et sport,4,440000,440000,440000,"433357,25","<font size=""4"" style=""color:#7797a3"">▲</font> + 1,5 %",3,2
Service des sports,Soutien aux clubs de football,278500,"$2,055,695",Culture et sport,4,278500,278500,278500,215600,"<font size=""4"" style=""color:#7797a3"">▲</font> + 29,1 %",3,2
Art contemporain,Activités culturelles et scientifiques,276000,"$3,095,739",Culture et sport,4,276000,276000,276000,271697,"<font size=""4"" style=""color:#7797a3"">▲</font> + 1,5 %",3,2
Service des sports,Soutien aux clubs de basket,230700,"$2,216,043",Culture et sport,4,230700,230700,220700,220700,"<font size=""4"" style=""color:#7797a3"">▲</font> + 4,5 %",3,3
Service culturel,Soutien de clubs de volleyball,124300,"$1,511,513",Culture et sport,4,124300,124300,99300,105500,"<font size=""4"" style=""color:#7797a3"">▲</font> + 17,8 %",3,3
Direction sociale,Alhambra - Maison de la musique,110000,"$3,388,799",Culture et sport,4,110000,110000,110000,108938,"<font size=""4"" style=""color:#7797a3"">▲</font> + 0,9 %",3,3
Service des sports,Soutien aux clubs de Natation,102100,"$1,099,777",Culture et sport,4,102100,102100,102100,82400,"<font size=""4"" style=""color:#7797a3"">▲</font> + 23,9 %",3,2
Direction de la culture et du sport,Soutien aux clubs de Voile,86000,"$6,187,737",Culture et sport,4,86000,86000,86000,85900,"<font size=""4"" style=""color:#7797a3"">▲</font> + 0,1 %",3,2
Service culturel,Fonds général musique,80000,"$2,024,401",Culture et sport,4,80000,80000,108000,"70624,6","<font size=""4"" style=""color:#7797a3"">▲</font> + 13,2 %",3,1
Direction cohésion sociale et solidarité,Association genevoise d'athlétisme,61900,"$2,212,194",Culture et sport,4,61900,61900,61900,30950,"<font size=""4"" style=""color:#7797a3"">▲</font> + 100 %",3,2
Délégation Généve Solidaire,Soutien aux clubs d'Atlhétisme,52000,"$2,389,044",Culture et sport,4,52000,52000,22000,1400,"<font size=""4"" style=""color:#7797a3"">▲</font> + 3614,2 %",3,3
Fonds chômage,Accès à la culture  (mass media),50000,"$4,922,240",Culture et sport,4,50000,50000,50000,42053,"<font size=""4"" style=""color:#7797a3"">▲</font> + 18,8 %",3,2
Art contemporain,Fonds bourses Patiño-Ville de Genève,36000,"$4,608,710",Culture et sport,4,36000,36000,36000,34000,"<font size=""4"" style=""color:#7797a3"">▲</font> + 5,8 %",3,2
Service des sports,Soutien aux clubs de Multisports,34100,"$2,097,276",Culture et sport,4,34100,34100,22300,24300,"<font size=""4"" style=""color:#7797a3"">▲</font> + 40,3 %",3,3
Service de la jeunesse,Cappella Genevensis,30000,"$2,482,971",Culture et sport,4,30000,30000,15300,20300,"<font size=""4"" style=""color:#7797a3"">▲</font> + 47,7 %",3,2
Service culturel,Fonds général théâtre,1500000,"$1,285,114",Culture et sport,4,1500000,1500000,1500000,1898250,"<font size=""4"" style=""color:#d7191c"">▼</font> -20,9 %",1,2
Délégation Généve Solidaire,Fonds général danse,1050000,"$2,372,387",Culture et sport,4,1050000,1050000,1050000,1286900,"<font size=""4"" style=""color:#d7191c"">▼</font> -18,4 %",1,2
Délégation Généve Solidaire,La Bâtie - Festival de Genève,927800,"$1,114,234",Culture et sport,4,927800,927800,927800,1127800,"<font size=""4"" style=""color:#d7191c"">▼</font> -17,7 %",1,2
Service des sports,Fonds général cinéma,902900,"$349,260",Culture et sport,4,902900,902900,902900,1017900,"<font size=""4"" style=""color:#d7191c"">▼</font> -11,2 %",1,2
Service des sports,Fonds actions culturelles et médiation,270000,"$2,015,809",Culture et sport,4,270000,270000,260000,277750,"<font size=""4"" style=""color:#d7191c"">▼</font> -2,7 %",1,3
Service culturel,Fonds autres salles,220000,"$1,069,240",Culture et sport,4,220000,220000,220000,222000,"<font size=""4"" style=""color:#d7191c"">▼</font> -0,9 %",1,2
Direction de la culture et du sport,Cave 12,120000,"$2,775,614",Culture et sport,4,120000,120000,149500,149250,"<font size=""4"" style=""color:#d7191c"">▼</font> -19,5 %",1,2
Service culturel,Compagnie 1602 – locaux ,100000,"$5,448,255",Culture et sport,4,100000,100000,100000,292000,"<font size=""4"" style=""color:#d7191c"">▼</font> -65,7 %",1,2
Service culturel,Association genevoise de volleyball,94900,"$2,174,354",Culture et sport,4,94900,94900,119900,119900,"<font size=""4"" style=""color:#d7191c"">▼</font> -20,8 %",1,1
Service de la jeunesse,Accès à la culture (autres tâches culturelles),80000,"$2,820,888",Culture et sport,4,80000,80000,160000,80250,"<font size=""4"" style=""color:#d7191c"">▼</font> -0,3 %",1,2
Service culturel,"Accès à la culture (théâtres, concerts)",80000,"$6,437,813",Culture et sport,4,80000,80000,230000,"143614,55","<font size=""4"" style=""color:#d7191c"">▼</font> -44,2 %",1,1
Service culturel,Projet Jeux de Genève,37500,"$2,633,519",Culture et sport,4,37500,37500,0,120000,"<font size=""4"" style=""color:#d7191c"">▼</font> -68,7 %",1,3
Service culturel,Bureau culturel,30000,"$2,894,114",Culture et sport,4,30000,30000,30000,33290,"<font size=""4"" style=""color:#d7191c"">▼</font> -9,8 %",1,2
Service culturel,Accès à la culture (autres tâches culturelles),20000,"$8,376,943",Culture et sport,4,20000,20000,20000,"635430,25","<font size=""4"" style=""color:#d7191c"">▼</font> -96,8 %",1,2
Direction de la culture et du sport,Soutien aux clubs de Rugby,18200,"$1,493,784",Culture et sport,4,18200,18200,18200,28500,"<font size=""4"" style=""color:#d7191c"">▼</font> -36,1 %",1,2
Service culturel,Soutien aux clubs de Canoë-Kayak,1400,"$4,124,179",Culture et sport,4,1400,1400,1400,41200,"<font size=""4"" style=""color:#d7191c"">▼</font> -96,6 %",1,2
Direction cohésion sociale et solidarité,Orchestre de la Suisse Romande,9500000,"$3,022,343",Culture et sport,4,9500000,9500000,9500000,9500000,"<font size=""4"" style=""color:#fdae61"">► </font> stable",2,2
Service des sports,"FAD (Etat major - La Comédie, Le Poche)",5547478,"$2,380,442",Culture et sport,4,5547478,5547478,5547478,5547478,"<font size=""4"" style=""color:#fdae61"">► </font> stable",2,2
Service des sports,Fondation Romande pour le cinéma,2500000,"$1,609,839",Culture et sport,4,2500000,2500000,2500000,2500000,"<font size=""4"" style=""color:#fdae61"">► </font> stable",2,2
Service des sports,Grand-Théâtre - Contrepartie de la contribution du fonds intercommunal,2500000,"$5,250,684",Culture et sport,4,2500000,2500000,2500000,2500000,"<font size=""4"" style=""color:#fdae61"">► </font> stable",2,2
Direction cohésion sociale et solidarité,Théâtre du Grütli,1811500,"$1,302,646",Culture et sport,4,1811500,1811500,1811500,1811500,"<font size=""4"" style=""color:#fdae61"">► </font> stable",2,2
Service culturel,Centre d'Art contemporain,1309800,"$2,910,508",Culture et sport,4,1309800,1309800,1309800,1309800,"<font size=""4"" style=""color:#fdae61"">► </font> stable",2,2
Direction cohésion sociale et solidarité,Fondamco (Mamco),1100000,"$2,382,274",Culture et sport,4,1100000,1100000,1100000,1100000,"<font size=""4"" style=""color:#fdae61"">► </font> stable",2,2
Art contemporain,Théâtre Am Stram Gram,1080000,"$3,068,002",Culture et sport,4,1080000,1080000,1080000,1080000,"<font size=""4"" style=""color:#fdae61"">► </font> stable",2,2
La Ville est à vous,Association pour l'encouragement de la musique improvisée (AMR),814400,"$3,510,818",Culture et sport,4,814400,814400,814400,814400,"<font size=""4"" style=""color:#fdae61"">► </font> stable",2,2
Direction cohésion sociale et solidarité,Association pour la danse contemporaine,773200,"$2,105,562",Culture et sport,4,773200,773200,773200,773200,"<font size=""4"" style=""color:#fdae61"">► </font> stable",2,2
Service culturel,Contrechamps,752600,"$2,151,288",Culture et sport,4,752600,752600,752600,752600,"<font size=""4"" style=""color:#fdae61"">► </font> stable",2,2
Service des sports,Théâtre des Marionnettes de Genève,710000,"$2,277,525",Culture et sport,4,710000,710000,710000,710000,"<font size=""4"" style=""color:#fdae61"">► </font> stable",2,2
Bibliothèque de Genève,L'Orchestre de chambre de Genève,701000,"$1,775,350",Culture et sport,4,701000,701000,701000,701000,"<font size=""4"" style=""color:#fdae61"">► </font> stable",2,2
Direction cohésion sociale et solidarité,Ateliers d'ethnomusicologie,552600,"$2,038,667",Culture et sport,4,552600,552600,552600,552600,"<font size=""4"" style=""color:#fdae61"">► </font> stable",2,2
Service culturel,Théâtre de l'Orangerie,500000,"$2,439,553",Culture et sport,4,500000,500000,500000,500000,"<font size=""4"" style=""color:#fdae61"">► </font> stable",2,2
Dir. environnement urbain et sécurité,"Musique en été (Scène Ella Fitzgerald, Jazz-Estival)",423700,"$10,699,752",Culture et sport,4,423700,423700,423700,423700,"<font size=""4"" style=""color:#fdae61"">► </font> stable",2,2
Promotion culturelle,Concours de musique,375000,"$8,150,947",Culture et sport,4,375000,375000,375000,375000,"<font size=""4"" style=""color:#fdae61"">► </font> stable",2,2
Service culturel,Revue genevoise,335100,"$3,203,943",Culture et sport,4,335100,335100,335100,335100,"<font size=""4"" style=""color:#fdae61"">► </font> stable",2,2
Direction cohésion sociale et solidarité,Post Tenebras Rock,325000,"$503,601",Culture et sport,4,325000,325000,325000,325000,"<font size=""4"" style=""color:#fdae61"">► </font> stable",2,2
Service culturel,Art lyrique et vocal,317000,"$11,730,818",Culture et sport,4,317000,317000,317000,317000,"<font size=""4"" style=""color:#fdae61"">► </font> stable",2,2
Service culturel,Fonds intermittents du spectacle domiciliés à Genève,300000,"$2,592,240",Culture et sport,4,300000,300000,300000,300000,"<font size=""4"" style=""color:#fdae61"">► </font> stable",2,2
Direction cohésion sociale et solidarité,Fonds-aide à la formation des jeunes,300000,"$4,780,768",Culture et sport,4,300000,300000,300000,300000,"<font size=""4"" style=""color:#fdae61"">► </font> stable",2,2
Direction de la culture et du sport,Théâtre Pitoëff,300000,"$2,740,403",Culture et sport,4,300000,300000,300000,300000,"<font size=""4"" style=""color:#fdae61"">► </font> stable",2,2
Service culturel,Chorales classiques,288700,"$4,252,722",Culture et sport,4,288700,288700,288700,288700,"<font size=""4"" style=""color:#fdae61"">► </font> stable",2,2
Génie civil,Centre de la photographie,270600,"$1,380,027",Culture et sport,4,270600,270600,270600,270600,"<font size=""4"" style=""color:#fdae61"">► </font> stable",2,2
Direction cohésion sociale et solidarité,Fonction cinéma,267700,"$3,022,243",Culture et sport,4,267700,267700,267700,267700,"<font size=""4"" style=""color:#fdae61"">► </font> stable",2,2
Service des sports,Fondation pour l'art moderne et contemporain ,257700,"$1,877,801",Culture et sport,4,257700,257700,257700,257700,"<font size=""4"" style=""color:#fdae61"">► </font> stable",2,2
Délégation Généve Solidaire,Théâtre de l'Usine,220000,"$2,184,462",Culture et sport,4,220000,220000,220000,220000,"<font size=""4"" style=""color:#fdae61"">► </font> stable",2,2
Délégation Généve Solidaire,Fanfareduloup Orchestra,200000,"$1,575,651",Culture et sport,4,200000,200000,200000,200000,"<font size=""4"" style=""color:#fdae61"">► </font> stable",2,2
Direction sociale,Théâtre du Galpon,200000,"$1,358,524",Culture et sport,4,200000,200000,200000,200000,"<font size=""4"" style=""color:#fdae61"">► </font> stable",2,2
Grand Théâtre de Genève,ACTART,192800,"$4,282,850",Culture et sport,4,192800,192800,192800,192800,"<font size=""4"" style=""color:#fdae61"">► </font> stable",2,2
Service culturel,Association genevoise de gymnastique,176300,"$1,737,274",Culture et sport,4,176300,176300,176300,176300,"<font size=""4"" style=""color:#fdae61"">► </font> stable",2,2
Direction cohésion sociale et solidarité,Fondation pour l'écrit (Salon du livre),155000,"$9,756,987",Culture et sport,4,155000,155000,155000,155000,"<font size=""4"" style=""color:#fdae61"">► </font> stable",2,2
Service des sports,Association cantonale genevoise de football,154600,"$2,135,184",Culture et sport,4,154600,154600,154600,154600,"<font size=""4"" style=""color:#fdae61"">► </font> stable",2,2
Dir. environnement urbain et sécurité,Musique ancienne,154600,"$3,082,979",Culture et sport,4,154600,154600,154600,154600,"<font size=""4"" style=""color:#fdae61"">► </font> stable",2,2
Service des sports,Centre d'édition contemporaine,150000,"$3,050,980",Culture et sport,4,150000,150000,150000,150000,"<font size=""4"" style=""color:#fdae61"">► </font> stable",2,2
Conseil administratif,Association genevoise de handball,146500,"$2,336,907",Culture et sport,4,146500,146500,146500,146500,"<font size=""4"" style=""color:#fdae61"">► </font> stable",2,2
Direction sociale,Association de Soutien à la Musique Vivante - Festival Voix de Fête,144300,"$1,619,518",Culture et sport,4,144300,144300,144300,144300,"<font size=""4"" style=""color:#fdae61"">► </font> stable",2,2
Service des sports,Eklekto,140000,"$2,356,954",Culture et sport,4,140000,140000,140000,140000,"<font size=""4"" style=""color:#fdae61"">► </font> stable",2,2
Service de la petite enfance,La Parfumerie,140000,"$2,685,397",Culture et sport,4,140000,140000,140000,140000,"<font size=""4"" style=""color:#fdae61"">► </font> stable",2,2
Direction cohésion sociale et solidarité,Cinémas du Grütli,138700,"$4,730,016",Culture et sport,4,138700,138700,138700,138700,"<font size=""4"" style=""color:#fdae61"">► </font> stable",2,2
Service culturel,Association genevoise de natation,135700,"$1,242,958",Culture et sport,4,135700,135700,135700,135700,"<font size=""4"" style=""color:#fdae61"">► </font> stable",2,2
Service de la petite enfance,Association cantonale genevoise de basketball amateur,123700,"$10,638,054",Culture et sport,4,123700,123700,123700,123700,"<font size=""4"" style=""color:#fdae61"">► </font> stable",2,2
Service culturel,Association cantonale genevoise des clubs de ski,123700,"$790,249",Culture et sport,4,123700,123700,123700,123700,"<font size=""4"" style=""color:#fdae61"">► </font> stable",2,2
Délégation Généve Solidaire,Cinéma Spoutnik,120000,"$2,074,171",Culture et sport,4,120000,120000,120000,120000,"<font size=""4"" style=""color:#fdae61"">► </font> stable",2,2
Service des sports,Genève Servette Hockey Club Association,120000,"$2,409,559",Culture et sport,4,120000,120000,120000,120000,"<font size=""4"" style=""color:#fdae61"">► </font> stable",2,1
Service culturel,Association pour le patrimoine industriel,103100,"$3,255,463",Culture et sport,4,103100,103100,103100,103100,"<font size=""4"" style=""color:#fdae61"">► </font> stable",2,2
Service culturel,Musique municipale de la Ville de Genève,103100,"$2,153,827",Culture et sport,4,103100,103100,103100,103100,"<font size=""4"" style=""color:#fdae61"">► </font> stable",2,2
Service des sports,Salle Ernest-Ansermet,100000,"$19,939,458",Culture et sport,4,100000,100000,100000,100000,"<font size=""4"" style=""color:#fdae61"">► </font> stable",2,2
Ecoles et institutions pour l'enfance,Soutien aux manifestations,100000,"$6,041,070",Culture et sport,4,100000,100000,100000,100000,"<font size=""4"" style=""color:#fdae61"">► </font> stable",2,2
Art contemporain,Association l'Usine,95900,"$1,964,095",Culture et sport,4,95900,95900,95900,95900,"<font size=""4"" style=""color:#fdae61"">► </font> stable",2,2
Service des sports,Fonds bourses pour jeunes artistes,83000,"$1,191,525",Culture et sport,4,83000,83000,83000,83000,"<font size=""4"" style=""color:#fdae61"">► </font> stable",2,2
Direction cohésion sociale et solidarité,Course au Large à la Voile - Centre d'entraînement à la Régate,82500,"$6,798,601",Culture et sport,4,82500,82500,82500,82500,"<font size=""4"" style=""color:#fdae61"">► </font> stable",2,2
Direction cohésion sociale et solidarité,Course de l'Escalade - Stade Genève,82500,"$2,254,276",Culture et sport,4,82500,82500,82500,82500,"<font size=""4"" style=""color:#fdae61"">► </font> stable",2,2
Service des sports,Harmonie nautique,82500,"$2,186,997",Culture et sport,4,82500,82500,82500,82500,"<font size=""4"" style=""color:#fdae61"">► </font> stable",2,2
Service des sports,Fonds général livre et édition,72500,"$1,601,379",Culture et sport,4,72500,72500,50000,72500,"<font size=""4"" style=""color:#fdae61"">► </font> stable",2,3
Aménagement urbain et mobilité,Association genevoise de badminton,72200,"$4,381,201",Culture et sport,4,72200,72200,72200,72200,"<font size=""4"" style=""color:#fdae61"">► </font> stable",2,2
Art contemporain,Galerie Forde,72200,"$2,427,310",Culture et sport,4,72200,72200,72200,72200,"<font size=""4"" style=""color:#fdae61"">► </font> stable",2,2
Service culturel,Association cantonale genevoise de judo,70000,"$1,127,447",Culture et sport,4,70000,70000,70000,70000,"<font size=""4"" style=""color:#fdae61"">► </font> stable",2,2
Direction cohésion sociale et solidarité,Association Centre d'Entraînement à la Régate,68000,"$632,100",Culture et sport,4,68000,68000,68000,68000,"<font size=""4"" style=""color:#fdae61"">► </font> stable",2,2
Conseil municipal,Soutien aux clubs de Gymnastique,66500,"$1,721,508",Culture et sport,4,66500,66500,66500,66500,"<font size=""4"" style=""color:#fdae61"">► </font> stable",2,2
Direction cohésion sociale et solidarité,Soutien aux clubs d'échecs,61800,"$1,698,998",Culture et sport,4,61800,61800,61800,61800,"<font size=""4"" style=""color:#fdae61"">► </font> stable",2,2
Direction cohésion sociale et solidarité,"Genève Rink-Hockey Club, Hockey sur roulettes",59800,"$1,709,123",Culture et sport,4,59800,59800,59800,59800,"<font size=""4"" style=""color:#fdae61"">► </font> stable",2,2
Service culturel,Association genevoise de hockey sur gazon,57600,"$2,213,671",Culture et sport,4,57600,57600,57600,57600,"<font size=""4"" style=""color:#fdae61"">► </font> stable",2,2
Promotion culturelle,Soutien aux clubs de ski,56300,"$945,226",Culture et sport,4,56300,56300,56300,56300,"<font size=""4"" style=""color:#fdae61"">► </font> stable",2,2
Service des sports,Soutien aux clubs de Tennis,56100,"$2,543,316",Culture et sport,4,56100,56100,56100,56100,"<font size=""4"" style=""color:#fdae61"">► </font> stable",2,2
Comptes Ville de Genève - Propriétaire,Association cantonale genevoise de rugby,51500,"$2,604,030",Culture et sport,4,51500,51500,51500,51500,"<font size=""4"" style=""color:#fdae61"">► </font> stable",2,2
Service culturel,Cadets de Genève,51500,"$9,698,691",Culture et sport,4,51500,51500,51500,51500,"<font size=""4"" style=""color:#fdae61"">► </font> stable",2,2
Service de la jeunesse,Ecoles de musique,51500,"$1,226,077",Culture et sport,4,51500,51500,51500,51500,"<font size=""4"" style=""color:#fdae61"">► </font> stable",2,2
Service des sports,Ensemble vocal Séquence,51500,"$1,930,931",Culture et sport,4,51500,51500,51500,51500,"<font size=""4"" style=""color:#fdae61"">► </font> stable",2,2
Direction cohésion sociale et solidarité,GE Grave,51500,"$878,934",Culture et sport,4,51500,51500,51500,51500,"<font size=""4"" style=""color:#fdae61"">► </font> stable",2,2
Génie civil,Ondine genevoise,51500,"$2,107,242",Culture et sport,4,51500,51500,51500,51500,"<font size=""4"" style=""color:#fdae61"">► </font> stable",2,2
Service culturel,"Publication, résidence & atelier",50000,"$2,195,653",Culture et sport,4,50000,50000,50000,50000,"<font size=""4"" style=""color:#fdae61"">► </font> stable",2,2
Service des sports,Société Jean-Jacques Rousseau,50000,"$1,864,678",Culture et sport,4,50000,50000,50000,50000,"<font size=""4"" style=""color:#fdae61"">► </font> stable",2,2
Service des sports,Soutien aux clubs de Motocyclisme,47800,"$3,972,315",Culture et sport,4,47800,47800,47800,47800,"<font size=""4"" style=""color:#fdae61"">► </font> stable",2,2
Direction cohésion sociale et solidarité,Union Vélocipédique Genevoise,47100,"$1,232,055",Culture et sport,4,47100,47100,47100,47100,"<font size=""4"" style=""color:#fdae61"">► </font> stable",2,2
Service culturel,Orchestres amateurs et symphoniques,46400,"$1,450,427",Culture et sport,4,46400,46400,46400,46400,"<font size=""4"" style=""color:#fdae61"">► </font> stable",2,2
Aménagement urbain et mobilité,Association genevoise de tennis de table,43900,"$1,155,683",Culture et sport,4,43900,43900,43900,43900,"<font size=""4"" style=""color:#fdae61"">► </font> stable",2,2
Service des sports,Soutien aux clubs de Cyclisme,43300,"$1,705,908",Culture et sport,4,43300,43300,43300,43300,"<font size=""4"" style=""color:#fdae61"">► </font> stable",2,2
Service culturel,Canoë Club de Genève,41200,"$2,376,653",Culture et sport,4,41200,41200,41200,41200,"<font size=""4"" style=""color:#fdae61"">► </font> stable",2,2
Conseil administratif,Urania Genève Sport Football juniors,41200,"$4,929,270",Culture et sport,4,41200,41200,41200,41200,"<font size=""4"" style=""color:#fdae61"">► </font> stable",2,2
Service des sports,Union Genevoise des Musiques et Chorales - Matériel et uniforme,40000,"$1,854,519",Culture et sport,4,40000,40000,40000,40000,"<font size=""4"" style=""color:#fdae61"">► </font> stable",2,2
Direction cohésion sociale et solidarité,Centre formation juniors ARGT,39800,"$2,292,013",Culture et sport,4,39800,39800,39800,39800,"<font size=""4"" style=""color:#fdae61"">► </font> stable",2,2
Service culturel,Fonds-jeunes talents ,35000,"$1,919,692",Culture et sport,4,35000,35000,35000,35000,"<font size=""4"" style=""color:#fdae61"">► </font> stable",2,2
Direction cohésion sociale et solidarité,Fonds-soutien sports des aînés,35000,"$1,409,513",Culture et sport,4,35000,35000,35000,35000,"<font size=""4"" style=""color:#fdae61"">► </font> stable",2,2
Service de la jeunesse,Tchoukball Club de Genève,30900,"$2,480,165",Culture et sport,4,30900,30900,30900,30900,"<font size=""4"" style=""color:#fdae61"">► </font> stable",2,2
Service des sports,Tournoi de Beachvolley - Association Genevoise de Volleyball,30900,"$2,536,800",Culture et sport,4,30900,30900,30900,30900,"<font size=""4"" style=""color:#fdae61"">► </font> stable",2,2
Service des sports,Triathlon International de Genève,30900,"$3,922,531",Culture et sport,4,30900,30900,30900,30900,"<font size=""4"" style=""color:#fdae61"">► </font> stable",2,2
Service des sports,Fonds bourses pour jeunes artistes ,30000,"$3,048,415",Culture et sport,4,30000,30000,30000,30000,"<font size=""4"" style=""color:#fdae61"">► </font> stable",2,2
Espaces verts et environnement,Fonds soutien aux échanges et tournées,30000,"$1,784,895",Culture et sport,4,30000,30000,30000,30000,"<font size=""4"" style=""color:#fdae61"">► </font> stable",2,2
Direction de la culture et du sport,Soutien aux clubs de Sport Handicap,30000,"$2,792,924",Culture et sport,4,30000,30000,30000,30000,"<font size=""4"" style=""color:#fdae61"">► </font> stable",2,3
Direction cohésion sociale et solidarité,Mémorial Georges Caillat (Athlética 2003) - Centre Athlétique de Genève,28900,"$1,203,055",Culture et sport,4,28900,28900,28900,28900,"<font size=""4"" style=""color:#fdae61"">► </font> stable",2,2
Ecoles et institutions pour l'enfance,Geneva Seahawks,26200,"$2,609,685",Culture et sport,4,26200,26200,26200,26200,"<font size=""4"" style=""color:#fdae61"">► </font> stable",2,2
Service culturel,Andata Ritorno,23700,"$1,962,469",Culture et sport,4,23700,23700,23700,23700,"<font size=""4"" style=""color:#fdae61"">► </font> stable",2,2
Service des sports,Association genevoise de ski nautique,20900,"$1,161,759",Culture et sport,4,20900,20900,20900,20900,"<font size=""4"" style=""color:#fdae61"">► </font> stable",2,2
Service culturel,Association Genève Escalade,20600,"$5,870,015",Culture et sport,4,20600,20600,20600,20600,"<font size=""4"" style=""color:#fdae61"">► </font> stable",2,2
Direction cohésion sociale et solidarité,Bicross Club de Genève,20600,"$2,590,290",Culture et sport,4,20600,20600,20600,20600,"<font size=""4"" style=""color:#fdae61"">► </font> stable",2,2
Direction cohésion sociale et solidarité,Clique de fifres et tambours du Conservatoire Populaire de Musique (CPM),20600,"$1,280,927",Culture et sport,4,20600,20600,20600,20600,"<font size=""4"" style=""color:#fdae61"">► </font> stable",2,2
Service des sports,Communauté israélite de Genève (Bibliothèque),20600,"$2,430,282",Culture et sport,4,20600,20600,20600,20600,"<font size=""4"" style=""color:#fdae61"">► </font> stable",2,2
Direction cohésion sociale et solidarité,Fédération genevoise des clubs de voile,20600,"$3,038,923",Culture et sport,4,20600,20600,20600,20600,"<font size=""4"" style=""color:#fdae61"">► </font> stable",2,2
Direction cohésion sociale et solidarité,Piano Nobile,20600,"$2,351,951",Culture et sport,4,20600,20600,20600,20600,"<font size=""4"" style=""color:#fdae61"">► </font> stable",2,2
Musée Ariana,Soutien aux clubs d'Alpinisme,20600,"$2,450,243",Culture et sport,4,20600,20600,20600,20600,"<font size=""4"" style=""color:#fdae61"">► </font> stable",2,2
Service des sports,Unihockey Club Genève - centre de formation juniors,20600,"$1,797,514",Culture et sport,4,20600,20600,20600,20600,"<font size=""4"" style=""color:#fdae61"">► </font> stable",2,2
Service des sports,Diverses sociétés scientifiques genevoises,19880,"$2,656,086",Culture et sport,4,19880,19880,20600,19880,"<font size=""4"" style=""color:#fdae61"">► </font> stable",2,1
Art contemporain,Curling Club de Genève,16700,"$3,572,248",Culture et sport,4,16700,16700,16700,16700,"<font size=""4"" style=""color:#fdae61"">► </font> stable",2,2
Service des sports,Union accordéoniste Mixte,16500,"$2,253,885",Culture et sport,4,16500,16500,16500,16500,"<font size=""4"" style=""color:#fdae61"">► </font> stable",2,2
Délégation Généve Solidaire,Fanfare de la Croix-Bleue,15500,"$12,679,928",Culture et sport,4,15500,15500,15500,15500,"<font size=""4"" style=""color:#fdae61"">► </font> stable",2,2
Espaces verts et environnement,Fanfare municipale du Petit-Saconnex,15500,"$10,171,506",Culture et sport,4,15500,15500,15500,15500,"<font size=""4"" style=""color:#fdae61"">► </font> stable",2,2
Service des sports,Harmonie des Eaux-Vives,15500,"$6,960,574",Culture et sport,4,15500,15500,15500,15500,"<font size=""4"" style=""color:#fdae61"">► </font> stable",2,2
Direction de la culture et du sport,Soutien aux clubs de Rink-Hockey,15500,"$7,902,640",Culture et sport,4,15500,15500,15500,15500,"<font size=""4"" style=""color:#fdae61"">► </font> stable",2,2
Conseil administratif,L'Empro,14400,"$2,366,124",Culture et sport,4,14400,14400,14400,14400,"<font size=""4"" style=""color:#fdae61"">► </font> stable",2,2
Délégation Généve Solidaire,Soutien aux clubs de Handball,14400,"$7,555,990",Culture et sport,4,14400,14400,14400,14400,"<font size=""4"" style=""color:#fdae61"">► </font> stable",2,2
Art contemporain,Tournoi des Jeunes - Association Genevoise de Volleyball,13400,"$1,579,286",Culture et sport,4,13400,13400,13400,13400,"<font size=""4"" style=""color:#fdae61"">► </font> stable",2,2
Service des sports,Cycle de lecture - C. Thébert,12400,"$1,758,968",Culture et sport,4,12400,12400,12400,12400,"<font size=""4"" style=""color:#fdae61"">► </font> stable",2,2
Service de la jeunesse,Soutien aux clubs de Tennis de table,11900,"$2,565,539",Culture et sport,4,11900,11900,11900,11900,"<font size=""4"" style=""color:#fdae61"">► </font> stable",2,2
Ecoles et institutions pour l'enfance,Cercle choral,10300,"$2,639,003",Culture et sport,4,10300,10300,10300,10300,"<font size=""4"" style=""color:#fdae61"">► </font> stable",2,2
Promotion culturelle,Hivernal pétanque la Genevoise,10300,"$1,663,724",Culture et sport,4,10300,10300,10300,10300,"<font size=""4"" style=""color:#fdae61"">► </font> stable",2,2
Muséum d'histoire naturelle,Société d'Escrime de Genève - centre de formation juniors,10300,"$1,931,840",Culture et sport,4,10300,10300,10300,10300,"<font size=""4"" style=""color:#fdae61"">► </font> stable",2,2
Délégation Généve Solidaire,Société des écrivains genevois,10300,"$2,764,093",Culture et sport,4,10300,10300,10300,10300,"<font size=""4"" style=""color:#fdae61"">► </font> stable",2,2
Direction cohésion sociale et solidarité,Soutien aux clubs de Badminton,10300,"$4,760,430",Culture et sport,4,10300,10300,10300,10300,"<font size=""4"" style=""color:#fdae61"">► </font> stable",2,2
Service des sports,Soutien aux clubs de Hockey sur gazon,10300,"$21,628,862",Culture et sport,4,10300,10300,10300,10300,"<font size=""4"" style=""color:#fdae61"">► </font> stable",2,2
Service culturel,Soutien aux clubs de Patinage,10300,"$1,608,250",Culture et sport,4,10300,10300,10300,10300,"<font size=""4"" style=""color:#fdae61"">► </font> stable",2,2
Aménagement urbain et mobilité,Stargazer,10300,"$2,350,049",Culture et sport,4,10300,10300,10300,10300,"<font size=""4"" style=""color:#fdae61"">► </font> stable",2,2
Ecoles et institutions pour l'enfance,Soutien aux sports urbains,10000,"$385,615",Culture et sport,4,10000,10000,10000,10000,"<font size=""4"" style=""color:#fdae61"">► </font> stable",2,3
Direction cohésion sociale et solidarité,Genève se livre,9100,"$2,977,689",Culture et sport,4,9100,9100,9100,9100,"<font size=""4"" style=""color:#fdae61"">► </font> stable",2,2
Direction de la culture et du sport,Soutien aux clubs de Triathlon,8200,"$1,502,020",Culture et sport,4,8200,8200,8200,8200,"<font size=""4"" style=""color:#fdae61"">► </font> stable",2,2
Service des sports,Soutien aux clubs de Unihockey,8200,"$1,392,000",Culture et sport,4,8200,8200,8200,8200,"<font size=""4"" style=""color:#fdae61"">► </font> stable",2,2
Service des sports,Liederkranz-Concordia,7200,"$12,306,065",Culture et sport,4,7200,7200,7200,7200,"<font size=""4"" style=""color:#fdae61"">► </font> stable",2,2
Service culturel,Autrement Aujourd'hui,6900,"$4,212,936",Culture et sport,4,6900,6900,6900,6900,"<font size=""4"" style=""color:#fdae61"">► </font> stable",2,2
Service culturel,Société chorale des Eaux-Vives,5200,"$2,160,299",Culture et sport,4,5200,5200,5200,5200,"<font size=""4"" style=""color:#fdae61"">► </font> stable",2,2
Direction cohésion sociale et solidarité,Soutien aux clubs d'Escrime,5200,"$835,658",Culture et sport,4,5200,5200,5200,5200,"<font size=""4"" style=""color:#fdae61"">► </font> stable",2,2
Service culturel,Tournoi de football des Schtroumpfs,5200,"$2,564,648",Culture et sport,4,5200,5200,5200,5200,"<font size=""4"" style=""color:#fdae61"">► </font> stable",2,2
Direction cohésion sociale et solidarité,Soutien aux clubs de Boxe,3700,"$3,379,131",Culture et sport,4,3700,3700,3700,3700,"<font size=""4"" style=""color:#fdae61"">► </font> stable",2,2
Service des sports,Soutien aux clubs de Lutte,3700,"$1,791,750",Culture et sport,4,3700,3700,3700,3700,"<font size=""4"" style=""color:#fdae61"">► </font> stable",2,2
Service des sports,Union des Chanteurs genevois,3100,"$2,554,705",Culture et sport,4,3100,3100,3100,3100,"<font size=""4"" style=""color:#fdae61"">► </font> stable",2,2
Service des sports,Soutien aux clubs de Boules ferrées,2800,"$1,673,953",Culture et sport,4,2800,2800,2800,2800,"<font size=""4"" style=""color:#fdae61"">► </font> stable",2,2
Art contemporain,Soutien aux clubs de Tir sportif,2800,"$1,119,495",Culture et sport,4,2800,2800,2800,2800,"<font size=""4"" style=""color:#fdae61"">► </font> stable",2,2
Service des sports,Soutien aux clubs de Pétanque,1900,"$2,221,453",Culture et sport,4,1900,1900,1900,1900,"<font size=""4"" style=""color:#fdae61"">► </font> stable",2,2
Direction cohésion sociale et solidarité,Soutien aux clubs de Tir à l'arc,1900,"$9,646,686",Culture et sport,4,1900,1900,1900,1900,"<font size=""4"" style=""color:#fdae61"">► </font> stable",2,2
Service culturel,"Société accordéoniste mixte ""Les Amis""",1500,"$4,902,503",Culture et sport,4,1500,1500,1500,1500,"<font size=""4"" style=""color:#fdae61"">► </font> stable",2,2
Direction de la culture et du sport,Soutien aux clubs de Twirling,1400,"$3,378,332",Culture et sport,4,1400,1400,1400,1400,"<font size=""4"" style=""color:#fdae61"">► </font> stable",2,2
Ecoles et institutions pour l'enfance,Soutien aux clubs de Vol libre,1400,"$2,823,170",Culture et sport,4,1400,1400,1400,1400,"<font size=""4"" style=""color:#fdae61"">► </font> stable",2,2
Incendie et secours,Prix d'orgue P. Segond,1000,"$470,533",Culture et sport,4,1000,1000,1000,1000,"<font size=""4"" style=""color:#fdae61"">► </font> stable",2,2
Service culturel,Soutien aux clubs de Marche,1000,"$4,157,479",Culture et sport,4,1000,1000,1000,1000,"<font size=""4"" style=""color:#fdae61"">► </font> stable",2,2
Direction des constructions et de l'aménagement,Fonds promotion de la relève,600000,"$1,861,000",Culture et sport,4,600000,600000,0,0,"<font size=""4"" style=""color:#7797a3"">▲</font> ",3,3
Service des sports,Fonds-aide à l'organisation de manifestations et/ou projets sportifs,530000,"$1,975,335",Culture et sport,4,530000,530000,330000,0,"<font size=""4"" style=""color:#7797a3"">▲</font> ",3,3
Direction sociale,Association - Festival Archipel,300000,"$9,362,324",Culture et sport,4,300000,300000,300000,0,"<font size=""4"" style=""color:#7797a3"">▲</font> ",3,2
Délégation Généve Solidaire,Festival international du film sur les droits humains,125000,"$1,325,630",Culture et sport,4,125000,125000,125000,0,"<font size=""4"" style=""color:#7797a3"">▲</font> ",3,2
Direction cohésion sociale et solidarité,Fonds général projet culturel d'agglomération ,100000,"$5,198,146",Culture et sport,4,100000,100000,0,0,"<font size=""4"" style=""color:#7797a3"">▲</font> ",3,3
Direction cohésion sociale et solidarité,Geneva Open -Tournois de tennis,100000,"$2,422,959",Culture et sport,4,100000,100000,100000,0,"<font size=""4"" style=""color:#7797a3"">▲</font> ",3,2
Service culturel,Maison de Rousseau et de la littérature,81500,"$2,510,081",Culture et sport,4,81500,81500,81500,0,"<font size=""4"" style=""color:#7797a3"">▲</font> ",3,2
Service culturel,Cérémonie des Quartz,62500,"$3,155,288",Culture et sport,4,62500,62500,62500,0,"<font size=""4"" style=""color:#7797a3"">▲</font> ",3,2
Service des sports,Fonds-élite ,62000,"$10,008,840",Culture et sport,4,62000,62000,35000,0,"<font size=""4"" style=""color:#7797a3"">▲</font> ",3,3
Service des sports,Association Genevoise des Musiciens de Jazz ,61900,"$1,159,438",Culture et sport,4,61900,61900,61900,0,"<font size=""4"" style=""color:#7797a3"">▲</font> ",3,2
Relations extérieures,Fonds-soutien au sport handicap,45000,"$2,073,076",Culture et sport,4,45000,45000,60000,0,"<font size=""4"" style=""color:#7797a3"">▲</font> ",3,1
Service culturel,Bourses artistes confirmés (AC),35000,"$3,027,298",Culture et sport,4,35000,35000,35000,0,"<font size=""4"" style=""color:#7797a3"">▲</font> ",3,2
Direction cohésion sociale et solidarité,Championnats Internationaux de Natation de Genève - Genève Natation 1885,35000,"$5,414,459",Culture et sport,4,35000,35000,35000,0,"<font size=""4"" style=""color:#7797a3"">▲</font> ",3,2
Direction cohésion sociale et solidarité,Fanfare du Losange,25800,"$10,600,245",Culture et sport,4,25800,25800,0,0,"<font size=""4"" style=""color:#7797a3"">▲</font> ",3,2
Direction cohésion sociale et solidarité,Club d'échecs de Genève,22700,"$1,503,559",Culture et sport,4,22700,22700,22700,0,"<font size=""4"" style=""color:#7797a3"">▲</font> ",3,2
Service des sports,Bourses médiateurs culturels (AC),15000,"$7,724,924",Culture et sport,4,15000,15000,0,0,"<font size=""4"" style=""color:#7797a3"">▲</font> ",3,2
Service des sports,Promotion de la recherche scientifique,10000,"$4,122,415",Culture et sport,4,10000,10000,0,0,"<font size=""4"" style=""color:#7797a3"">▲</font> ",3,2
Délégation Généve Solidaire,Centre suisse de recherches scientifiques à Abidjan,5200,"$6,445,262",Culture et sport,4,5200,5200,5200,0,"<font size=""4"" style=""color:#7797a3"">▲</font> ",3,2
Service culturel,Académie internationale de la céramique,4600,"$14,516,075",Culture et sport,4,4600,4600,4600,0,"<font size=""4"" style=""color:#7797a3"">▲</font> ",3,2
Conseil administratif,Association la libellule,51500,"$2,876,299",Environnement urbain et sécurité,5,51500,51500,51500,51500,"<font size=""4"" style=""color:#fdae61"">► </font> stable",2,2
Service culturel,Société Genevoise d'Horticulture - concours international de roses nouvelles de Genève,30000,"$1,941,873",Environnement urbain et sécurité,5,30000,30000,30000,30000,"<font size=""4"" style=""color:#fdae61"">► </font> stable",2,2
Direction cohésion sociale et solidarité,Association pour la sauvegarde du Léman,15500,"$2,614,355",Environnement urbain et sécurité,5,15500,15500,15500,15500,"<font size=""4"" style=""color:#fdae61"">► </font> stable",2,2
Incendie et secours,Soutien actions s/espace public - culture,15000,"$8,059,430",Environnement urbain et sécurité,5,15000,15000,15000,15000,"<font size=""4"" style=""color:#fdae61"">► </font> stable",2,3
Direction des constructions et de l'aménagement,Soutien actions s/espace public - social,15000,"$4,858,368",Environnement urbain et sécurité,5,15000,15000,15000,15000,"<font size=""4"" style=""color:#fdae61"">► </font> stable",2,1
Service des sports,Société internationale de sauvetage du Léman,12000,"$4,748,663",Environnement urbain et sécurité,5,12000,12000,12000,12000,"<font size=""4"" style=""color:#fdae61"">► </font> stable",2,2
Service des sports,Association pour la formation de jeunes sapeurs-pompiers,10300,"$2,036,501",Environnement urbain et sécurité,5,10300,10300,10300,10300,"<font size=""4"" style=""color:#fdae61"">► </font> stable",2,2
Service des sports,REDOG - Société suisse pour chiens de recherche et de sauvetage,5000,"$1,246,741",Environnement urbain et sécurité,5,5000,5000,5000,5000,"<font size=""4"" style=""color:#fdae61"">► </font> stable",2,2
Direction des constructions et de l'aménagement,Solidarité internationale,3406500,"$2,175,375",Finances et logement,6,3406500,3406500,3455000,"2866555,73","<font size=""4"" style=""color:#7797a3"">▲</font> + 18,8 %",3,1
Service culturel,Subventions accordées à des institutions privées,410000,"$1,127,910",Finances et logement,6,410000,410000,290000,"286586,65","<font size=""4"" style=""color:#7797a3"">▲</font> + 43 %",3,3
Direction des constructions et de l'aménagement,La Ville est à vous,190700,"$1,022,505",Finances et logement,6,190700,190700,190700,189400,"<font size=""4"" style=""color:#7797a3"">▲</font> + 0,6 %",3,2
Direction cohésion sociale et solidarité,Chômage - économie sociale et solidaire,4000000,"$13,408,867",Finances et logement,6,4000000,4000000,1,5500000,"<font size=""4"" style=""color:#d7191c"">▼</font> -27,2 %",1,3
Service culturel,Aide personnalisée,500000,"$2,814,505",Finances et logement,6,500000,500000,500000,"828760,5","<font size=""4"" style=""color:#d7191c"">▼</font> -39,6 %",1,2
Ecoles et institutions pour l'enfance,Institutions genevoises d'aide au développement,1585000,"$2,341,229",Finances et logement,6,1585000,1585000,1585000,1585000,"<font size=""4"" style=""color:#fdae61"">► </font> stable",2,2
Service culturel,Association Après - Projet incubateur ESS,350000,"$1,958,695",Finances et logement,6,350000,350000,350000,350000,"<font size=""4"" style=""color:#fdae61"">► </font> stable",2,2
Service des sports,Oeuvre suisse d'entraide ouvrière,154600,"$344,465",Finances et logement,6,154600,154600,154600,154600,"<font size=""4"" style=""color:#fdae61"">► </font> stable",2,2
Promotion culturelle,Fédération genevoise de coopération,92800,"$8,422,193",Finances et logement,6,92800,92800,92800,92800,"<font size=""4"" style=""color:#fdae61"">► </font> stable",2,2
Service culturel,Association Centre Europe - Tiers Monde ,51500,"$1,015,802",Finances et logement,6,51500,51500,51500,51500,"<font size=""4"" style=""color:#fdae61"">► </font> stable",2,2
Service des sports,Association Le Comité international de la Croix-Rouge ,51500,"$1,411,995",Finances et logement,6,51500,51500,51500,51500,"<font size=""4"" style=""color:#fdae61"">► </font> stable",2,2
Art contemporain,Fondation de l'Appel de Genève,30900,"$5,073,948",Finances et logement,6,30900,30900,30900,30900,"<font size=""4"" style=""color:#fdae61"">► </font> stable",2,2
Service culturel,Fondation du DOCIP,20600,"$2,108,662",Finances et logement,6,20600,20600,20600,20600,"<font size=""4"" style=""color:#fdae61"">► </font> stable",2,2
Service des sports,Association Organisation Mondiale contre la Torture,18600,"$3,200,222",Finances et logement,6,18600,18600,18600,18600,"<font size=""4"" style=""color:#fdae61"">► </font> stable",2,2
Direction cohésion sociale et solidarité,Association Genève Tiers-Monde,15500,"$4,455,501",Finances et logement,6,15500,15500,15500,15500,"<font size=""4"" style=""color:#fdae61"">► </font> stable",2,2
Agenda 21,"Association Terre des Hommes Suisse, section romande",8900,"$2,017,817",Finances et logement,6,8900,8900,8900,8900,"<font size=""4"" style=""color:#fdae61"">► </font> stable",2,2
Direction sociale,"Association Médecins Sans Frontières, section Suisse",8000,"$33,934,703",Finances et logement,6,8000,8000,8000,8000,"<font size=""4"" style=""color:#fdae61"">► </font> stable",2,2
Direction cohésion sociale et solidarité,Fondation DiDé (Dignité en Détention),5200,"$6,348,009",Finances et logement,6,5200,5200,5200,5200,"<font size=""4"" style=""color:#fdae61"">► </font> stable",2,2
Service culturel,Association Service International pour les Droits de l'Homme,4100,"$2,976,534",Finances et logement,6,4100,4100,4100,4100,"<font size=""4"" style=""color:#fdae61"">► </font> stable",2,2
Ecoles et institutions pour l'enfance,Association Cap Vert-Genève,2000,"$3,306,069",Finances et logement,6,2000,2000,2000,2000,"<font size=""4"" style=""color:#fdae61"">► </font> stable",2,2
Relations extérieures,DGS - TRIAL,100000,"$6,546,690",Finances et logement,6,100000,100000,100000,0,"<font size=""4"" style=""color:#7797a3"">▲</font> ",3,2
Service culturel,Association internationale maires francophones ,50000,"$2,649,211",Finances et logement,6,50000,50000,50000,0,"<font size=""4"" style=""color:#7797a3"">▲</font> ",3,3
Service des sports,CAGI,50000,"$2,809,971",Finances et logement,6,50000,50000,0,0,"<font size=""4"" style=""color:#7797a3"">▲</font> ",3,3
